segment,total_revenue,avg_customer_value,customers,revenue_share
0,13929054.26,246.56684592508674,56492,0.1647240170878611
1,34247.82,84.56251851851852,405,0.0004050123132266405
2,21233.45,63.00727002967359,337,0.0002511052879360558
3,4484.7300000000005,49.28274725274726,91,5.303610190362224e-05
4,70570927.38,486.3505742817171,145103,0.8345668292090725
